{
  "mse": 0.012655825520023917,
  "rmse": 0.1124981134065097,
  "mae": 0.0740704170781608,
  "r2": 0.9865623375711552,
  "n_rows": 428618,
  "n_features_input": 6
}